{"cameraMode":{"drawMode":0,"name":"Shaded","section":"Shading Mode"},"sceneLighting":true,"audioPlay":false,"sceneViewState":{"m_AlwaysRefresh":false,"showFog":true,"showSkybox":true,"showFlares":true,"showImageEffects":true,"showParticleSystems":true,"showVisualEffectGraphs":true,"m_FxEnabled":true},"in2DMode":false,"pivot":{"x":13.233916282653809,"y":2.8289573192596437,"z":-8.357434272766114},"rotation":{"x":0.11809240281581879,"y":-0.4418421685695648,"z":0.058804236352443698,"w":0.8873285055160523},"size":4.206597328186035,"orthographic":false}